Namn;Kategori;Antal per förp;Pris per förp;Enhet;Färg
Röd ros 60 cm;Blommor;10;120;pack;#c0182f
Rosa ros 50 cm;Blommor;10;105;pack;#f08bb0
Vit ros 50 cm;Blommor;10;110;pack;#f4f1ea
Tulpan;Blommor;10;55;bunt;#e8573d
Nejlika;Blommor;20;70;bunt;#d96a8f
Solros;Blommor;10;95;bunt;#f2b705
Alstroemeria;Blommor;10;70;bunt;#e9a6c9
Lisianthus;Blommor;10;110;bunt;#9c7bd0
Gerbera;Blommor;10;90;pack;#f57c2a
Hortensia;Blommor;1;35;styck;#8fb0e0
Gipsört;Grönt;5;60;bunt;#dfe6e0
Eukalyptus;Grönt;10;65;bunt;#7fa392
Ruscus;Grönt;10;55;bunt;#2f6b4a
